,Job Title,Location,Date,Link
1,Hiring Family-Teaching Partners! (Fully-Paid Living Expenses + Relocation),N/A,Jun 16,https://boston.craigslist.org/gbs/npo/d/boston-hiring-family-teaching-partners/7337672006.html
2,Administrative Assistant - CSMA,N/A,Jun 16,https://boston.craigslist.org/nos/npo/d/shirley-administrative-assistant-csma/7337570316.html
3,"Clinical Supervisor, LPHA - ACCS *Multiple Positions*",Boston,Jun 16,https://boston.craigslist.org/gbs/npo/d/boston-clinical-supervisor-lpha-accs/7337480765.html
4,Now seeking Field Managers and Canvass Directors! Apply Today!,Cambridge,Jun 15,https://boston.craigslist.org/gbs/npo/d/cambridge-now-seeking-field-managers/7337255322.html
5,Vinfen Human Services Drive up Job Fair,"5 Finnel Drive, Weymouth MA",Jun 15,https://boston.craigslist.org/sob/npo/d/weymouth-vinfen-human-services-drive-up/7337145704.html
6,Direct Care,Greater Lowell Area,Jun 15,https://boston.craigslist.org/nwb/npo/d/direct-care/7337102641.html
7,"Kitchen Associate/Utility Pot Washer, THU-MON, 5:30AM-2PM",N/A,Jun 15,https://boston.craigslist.org/bmw/npo/d/boston-kitchen-associate-utility-pot/7336993777.html
8,"Part-Time Dining Site Manager, $15.50/hour (6 hrs/wk & 25 hrs/wk avail","Waltham, MA",Jun 15,https://boston.craigslist.org/gbs/npo/d/waltham-part-time-dining-site-manager/7336940545.html
9,Part-Time Floating Nutrition Assistant,"Waltham, MA",Jun 15,https://boston.craigslist.org/gbs/npo/d/waltham-part-time-floating-nutrition/7336939859.html
10,"Part-Time Dining Site Assistant, $15/hour","Waltham, MA",Jun 15,https://boston.craigslist.org/gbs/npo/d/waltham-part-time-dining-site-assistant/7336939108.html
11,"Part-Time Home Delivered Meals Drivers, $15/hour","Waltham, MA",Jun 15,https://boston.craigslist.org/gbs/npo/d/waltham-part-time-home-delivered-meals/7336938561.html
12,"Housing Care Coordinator, 55k/year","Waltham, MA",Jun 15,https://boston.craigslist.org/gbs/npo/d/waltham-housing-care-coordinator-55k/7336937371.html
13,Elder Protective Services Investigator,Waltham,Jun 15,https://boston.craigslist.org/gbs/npo/d/waltham-elder-protective-services/7336935249.html
14,NOW HIRING CNA's/CHHA's $500 Sign on Bonus,"Randolph, MA",Jun 14,https://boston.craigslist.org/sob/npo/d/randolph-now-hiring-cnas-chhas-500-sign/7336620605.html
15,BILINGUAL (VIETNAMESE) DISABILITY ADVOCATE & COMMUNITY LIAISON,Fields Corner (Dorchester),Jun 13,https://boston.craigslist.org/gbs/npo/d/dorchester-bilingual-vietnamese/7336173978.html
16,Nursing Home Transition Program Coordinator,Boston,Jun 13,https://boston.craigslist.org/gbs/npo/d/boston-nursing-home-transition-program/7336171262.html
17,Idan's Angels,Metro Boston,Jun 13,https://boston.craigslist.org/gbs/npo/d/concord-idans-angels/7336162942.html
18,Employment Specialist,Randolph,Jun 11,https://boston.craigslist.org/gbs/npo/d/randolph-employment-specialist/7335223319.html
19,Direct Support Professional (DSP) - Flexible Part-Time,Randolph,Jun 11,https://boston.craigslist.org/sob/npo/d/randolph-direct-support-professional/7335222269.html
20,Office Manager,Arlington,Jun 11,https://boston.craigslist.org/bmw/npo/d/arlington-office-manager/7335196454.html
21,Teen Parenting Program Family Advocate- Melrose,"Melrose, MA",Jun 11,https://boston.craigslist.org/gbs/npo/d/melrose-teen-parenting-program-family/7335123343.html
22,Teen Parenting Program Family Advocate- Melrose,"Melrose, MA",Jun 11,https://boston.craigslist.org/nos/npo/d/melrose-teen-parenting-program-family/7335121954.html
23,Awake Overnights-Teen Living/Parenting-Chelsea&Melrose,Lynn,Jun 11,https://boston.craigslist.org/gbs/npo/d/lynn-awake-overnights-teen-living/7335119960.html
24,Awake Overnights-Teen Living/Parenting-Chelsea&Melrose,Lynn,Jun 11,https://boston.craigslist.org/nos/npo/d/lynn-awake-overnights-teen-living/7335118598.html
25,Teen Parenting Program Family Advocate- Chelsea,"Chelsea, MA",Jun 11,https://boston.craigslist.org/nos/npo/d/chelsea-teen-parenting-program-family/7335113435.html
26,Youth Counselor Group Home-Lynn,"Lynn, Ma",Jun 11,https://boston.craigslist.org/gbs/npo/d/lynn-youth-counselor-group-home-lynn/7335082808.html
27,Youth Counselor Group Home-Lynn,"Lynn, Ma",Jun 11,https://boston.craigslist.org/nos/npo/d/lynn-youth-counselor-group-home-lynn/7335081487.html
28,Program Director - Lynn,"Lynn, Ma",Jun 11,https://boston.craigslist.org/nos/npo/d/lynn-program-director-lynn/7335069259.html
29,Direct Support Professional/ Residential,Hanover,Jun 10,https://boston.craigslist.org/sob/npo/d/hanover-direct-support-professional/7334538740.html
30,Russian Bilingual Case Manager,Waltham,Jun  9,https://boston.craigslist.org/bmw/npo/d/waltham-russian-bilingual-case-manager/7334301252.html
31,Now Hiring! Residential Counselors,"Randolph, MA",Jun  9,https://boston.craigslist.org/sob/npo/d/bryantville-now-hiring-residential/7334221754.html
32,Day Program Instructor,Weymouth and Braintree,Jun  9,https://boston.craigslist.org/sob/npo/d/east-weymouth-day-program-instructor/7334220789.html
33,Community Discharge Specialist,"Waltham, MA",Jun  9,https://boston.craigslist.org/gbs/npo/d/waltham-community-discharge-specialist/7334020755.html
34,Private Care Manager,"Waltham, MA",Jun  9,https://boston.craigslist.org/gbs/npo/d/waltham-private-care-manager/7334018556.html
35,Nurse Manager,"Waltham, MA",Jun  9,https://boston.craigslist.org/gbs/npo/d/waltham-nurse-manager/7334016861.html
36,Case Manager,"Waltham, MA",Jun  9,https://boston.craigslist.org/gbs/npo/d/waltham-case-manager/7334015139.html
37,Residential Assistant - Youth Sped,Bedford,Jun  8,https://boston.craigslist.org/nwb/npo/d/bedford-residential-assistant-youth-sped/7333900907.html
38,Residential Assistants - Youth SPED,Waltham,Jun  8,https://boston.craigslist.org/gbs/npo/d/waltham-residential-assistants-youth/7333890712.html
39,LEAD Residential Assistant - Adult,Woburn,Jun  8,https://boston.craigslist.org/sob/npo/d/woburn-lead-residential-assistant-adult/7333879547.html
40,Support staff for men‚Äôs structured sober recovery house,wrentham,Jun  8,https://boston.craigslist.org/bmw/npo/d/wrentham-support-staff-for-mens/7333739949.html
41,Program Director- Treatment Center,Boston,Jun  8,https://boston.craigslist.org/gbs/npo/d/boston-program-director-treatment-center/7333683194.html
42,Nurse - MAP Administrator - Training,Boston,Jun  8,https://boston.craigslist.org/gbs/npo/d/boston-nurse-map-administrator-training/7333678458.html
43,Part-Time School Administrator,Framingham,Jun  7,https://boston.craigslist.org/bmw/npo/d/framingham-part-time-school/7333304526.html
44,School-Based Prevention Educator,N/A,Jun  7,https://boston.craigslist.org/gbs/npo/d/newton-school-based-prevention-educator/7333278420.html
45,"iCater Job Training Program Chef (Food Services) Instructor, MON-FRI,",N/A,Jun  7,https://boston.craigslist.org/bmw/npo/d/boston-icater-job-training-program-chef/7333107131.html
46,Residential Staff,Marshfield,Jun  6,https://boston.craigslist.org/gbs/npo/d/marshfield-residential-staff/7332553426.html
47,Open House Job Fair at the Burbank YMCA!,N/A,Jun  4,https://boston.craigslist.org/nwb/npo/d/reading-open-house-job-fair-at-the/7331800018.html
48,Social Justice Organizer - Fun and Engaging!,Oakland,Jun  3,https://boston.craigslist.org/gbs/npo/d/oakland-social-justice-organizer-fun/7331416965.html
49,Front Gate Ambassador (Weekends),Westwood,Jun  3,https://boston.craigslist.org/bmw/npo/d/westwood-front-gate-ambassador-weekends/7331334120.html
50,Family Advocate,East Boston,Jun  3,https://boston.craigslist.org/gbs/npo/d/east-boston-family-advocate/7331311798.html
51,Teen Parenting Program Family Advocate- Chelsea,"Chelsea, MA",Jun  3,https://boston.craigslist.org/nos/npo/d/chelsea-teen-parenting-program-family/7331117286.html
52,Awake Overnights-Teen Living/Parenting-Chelsea&Melrose,Lynn,Jun  3,https://boston.craigslist.org/nos/npo/d/lynn-awake-overnights-teen-living/7331114293.html
53,Youth Counselor Group Home-Lynn,"Lynn, MA",Jun  3,https://boston.craigslist.org/nos/npo/d/lynn-youth-counselor-group-home-lynn/7331108242.html
54,‚òÄÔ∏è Commit MA to 100% Renewable Energy! ‚òÄÔ∏èSummer Jobs! Avg $14-20/hr,Cambridge,Jun  3,https://boston.craigslist.org/gbs/npo/d/cambridge-commit-ma-to-100-renewable/7331097960.html
55,Summer Jobs! üå± BE AN ENVIRONMENTAL ACTIVIST! Avg $14-20/hrüåç,Downtown Crossing,Jun  3,https://boston.craigslist.org/gbs/npo/d/boston-summer-jobs-be-an-environmental/7331096921.html
56,Teen Parenting Program Family Advocate- Melrose,"Melrose, MA",Jun  3,https://boston.craigslist.org/nos/npo/d/melrose-teen-parenting-program-family/7331093717.html
57,Program Director - Lynn,"Lynn, MA",Jun  3,https://boston.craigslist.org/nos/npo/d/lynn-program-director-lynn/7331085788.html
58,Human Resources Recruitment Coordinator,"Waltham, MA",Jun  3,https://boston.craigslist.org/gbs/npo/d/waltham-human-resources-recruitment/7331071267.html
59,Community Health Worker ‚Äì Kenmore Square,"Boston, MA",Jun  3,https://boston.craigslist.org/gbs/npo/d/boston-community-health-worker-kenmore/7331065484.html
60,Licensed Practical Nurse (LPN),Hyde Park,Jun  2,https://boston.craigslist.org/gbs/npo/d/hyde-park-licensed-practical-nurse-lpn/7330787930.html
61,Day Habilitation Instructor  *$500 sign-on bonus!,Hanover,Jun  2,https://boston.craigslist.org/sob/npo/d/hanover-day-habilitation-instructor-500/7330596792.html
62,Maintenance Technician - *1000 SIGN ON BONUS,Concord,Jun  1,https://boston.craigslist.org/bmw/npo/d/concord-maintenance-technician-sign-on/7330173959.html
63,"Summer Jobs to Save Bees üå∫ NO BEES, NO FOOD üêù Avg of $14-20/hr",Cambridge,Jun  1,https://boston.craigslist.org/gbs/npo/d/cambridge-summer-jobs-to-save-bees-no/7330156184.html
64,"Summer Jobs to Save Bees üå∫ NO BEES, NO FOOD üêù Avg of $14-20/hr",Downtown Crossing,Jun  1,https://boston.craigslist.org/gbs/npo/d/boston-summer-jobs-to-save-bees-no-bees/7330155202.html
65,Employment Specialist,Randolph,Jun  1,https://boston.craigslist.org/gbs/npo/d/randolph-employment-specialist/7330149727.html
66,‚ú©Social Change begins with You! Summer Jobs! Avg $14-20/hr ‚ù•‚ù•‚ù•,Cambridge,May 29,https://boston.craigslist.org/gbs/npo/d/cambridge-social-change-begins-with-you/7328861277.html
67,‚ú©Social Change begins with You! Summer Jobs! Avg $14-20/hr ‚ù•‚ù•‚ù•,Downtown Crossing,May 29,https://boston.craigslist.org/gbs/npo/d/boston-social-change-begins-with-you/7328860029.html
68,Executive Director,Boston,May 28,https://boston.craigslist.org/gbs/npo/d/boston-executive-director/7328513367.html
69,Direct Support Professional (DSP)- Day Hab,N/A,May 28,https://boston.craigslist.org/sob/npo/d/randolph-direct-support-professional/7328458252.html
70,Teen Parenting Program Family Advocate- Melrose,"Melrose, MA",May 28,https://boston.craigslist.org/nos/npo/d/melrose-teen-parenting-program-family/7328388550.html
71,Teen Parenting Program Family Advocate- Melrose,"Melrose, MA",May 28,https://boston.craigslist.org/gbs/npo/d/melrose-teen-parenting-program-family/7328387474.html
72,Teen Parenting Program Family Advocate- Chelsea,"Chelsea, MA",May 28,https://boston.craigslist.org/gbs/npo/d/chelsea-teen-parenting-program-family/7328383539.html
73,Teen Parenting Program Family Advocate- Chelsea,"Chelsea, MA",May 28,https://boston.craigslist.org/nos/npo/d/chelsea-teen-parenting-program-family/7328381456.html
74,Awake Overnights-Teen Living/Parenting-Chelsea&Melrose,"Melrose, MA",May 28,https://boston.craigslist.org/nos/npo/d/melrose-awake-overnights-teen-living/7328379426.html
75,Awake Overnights-Teen Living/Parenting-Chelsea&Melrose,"Melrose, MA",May 28,https://boston.craigslist.org/gbs/npo/d/melrose-awake-overnights-teen-living/7328377797.html
76,Youth Counselor Group Home-Lynn,Lynn,May 28,https://boston.craigslist.org/gbs/npo/d/lynn-youth-counselor-group-home-lynn/7328375851.html
77,Youth Counselor Group Home-Lynn,Lynn,May 28,https://boston.craigslist.org/nos/npo/d/lynn-youth-counselor-group-home-lynn/7328374064.html
78,SUMMER JOBS! Become a Leader in Political Activism! Avg $14-20/hr,Cambridge,May 28,https://boston.craigslist.org/gbs/npo/d/cambridge-summer-jobs-become-leader-in/7328370322.html
79,üêù SUMMER JOBS IN BOSTON TO SAVE THE BEES! üå∫ Avg $14-20/hr,Downtown Crossing,May 28,https://boston.craigslist.org/gbs/npo/d/boston-summer-jobs-in-boston-to-save/7328368736.html
80,Employment Support Specialist for Vocational Training,"Haverhill, MA",May 28,https://boston.craigslist.org/nwb/npo/d/haverhill-employment-support-specialist/7328326474.html
81,Case Manager - Addiction Services,Boston,May 28,https://boston.craigslist.org/gbs/npo/d/boston-case-manager-addiction-services/7328235091.html
82,MH Residential Relief Counselor,N/A,May 28,https://boston.craigslist.org/gbs/npo/d/boston-mh-residential-relief-counselor/7328232213.html
83,Laboratory Medicine Technician I - Cardiac ICU,Boston,May 27,https://boston.craigslist.org/gbs/npo/d/boston-laboratory-medicine-technician/7328002764.html
84,Phlebotomist II -Location: 2 Brookline Place(8am-5pm),Boston,May 27,https://boston.craigslist.org/gbs/npo/d/boston-phlebotomist-ii-location/7328000464.html
85,"Registered Nurse, Inpatient Cardiology",Boston,May 27,https://boston.craigslist.org/gbs/npo/d/boston-registered-nurse-inpatient/7327998680.html
86,Medical Technologist II -2:45pm-11:15pm (Core Laboratory),Boston,May 27,https://boston.craigslist.org/gbs/npo/d/boston-medical-technologist-ii-245pm/7327997259.html
87,Medical Technologist II - Flow Cytometry,Boston,May 27,https://boston.craigslist.org/gbs/npo/d/boston-medical-technologist-ii-flow/7327983793.html
88,Medical Technologist I -Day time (7:30am-4:00pm) Microbiology,Boston,May 27,https://boston.craigslist.org/gbs/npo/d/boston-medical-technologist-day-time/7327982222.html
89,Information and Referral Specialist,"Boston, MA",May 27,https://boston.craigslist.org/gbs/npo/d/boston-information-and-referral/7327979671.html
90,Per Diem - Med Technologist -Core Lab,Boston,May 27,https://boston.craigslist.org/gbs/npo/d/boston-per-diem-med-technologist-core/7327979337.html
91,Case Manager - Addiction Services - CASPAR Emergency,Boston,May 27,https://boston.craigslist.org/gbs/npo/d/boston-case-manager-addiction-services/7327956013.html
92,Assistant Program Director - Metro Boston DMH Respite,Boston,May 27,https://boston.craigslist.org/gbs/npo/d/boston-assistant-program-director-metro/7327952657.html
93,Executive Director,"Boston, MA",May 27,https://boston.craigslist.org/gbs/npo/d/boston-executive-director/7327882226.html
94,Veterinary Technician Supervisor - Boston Veterinary Care,Boston,May 27,https://boston.craigslist.org/gbs/npo/d/boston-veterinary-technician-supervisor/7327847064.html
95,"Veterinary Technician - BVC ($18-$26/hr, up to $2k Sign On Bonus)",Boston,May 27,https://boston.craigslist.org/gbs/npo/d/boston-veterinary-technician-bvc-hr-up/7327846561.html
96,Project Specialist - Community Care Partners LLC,Boston,May 27,https://boston.craigslist.org/gbs/npo/d/boston-project-specialist-community/7327818653.html
97,LET YOUR POLITICAL VOICE BE HEARD! ‚úîSummer Jobs! ‚úîAvg of $14-20/hr‚úî,Cambridge,May 27,https://boston.craigslist.org/gbs/npo/d/cambridge-let-your-political-voice-be/7327801835.html
98,Case Aide - Lead,Stoughton,May 27,https://boston.craigslist.org/sob/npo/d/stoughton-case-aide-lead/7327784352.html
99,Building Maintenance Worker,Boston,May 26,https://boston.craigslist.org/gbs/npo/d/dorchester-building-maintenance-worker/7327581941.html
100,Clinical Technologist I,Boston,May 26,https://boston.craigslist.org/gbs/npo/d/boston-clinical-technologist/7327531822.html
101,Full or Part time front desk staff,Brookline,May 26,https://boston.craigslist.org/gbs/npo/d/brookline-full-or-part-time-front-desk/7327430102.html
102,"Direct Care Outdoor Hiring Event - Wednesday, May 26","336 Central Street, Lowell, MA",May 25,https://boston.craigslist.org/nwb/npo/d/lowell-direct-care-outdoor-hiring-event/7326953848.html
103,BILINGUAL (SPANISH) DISABILITY PEER ADVOCATE,Boston,May 24,https://boston.craigslist.org/gbs/npo/d/boston-bilingual-spanish-disability/7326480891.html
104,Independent Living/Long Term Supports and Services Coordinator,BOSTON,May 24,https://boston.craigslist.org/gbs/npo/d/boston-independent-living-long-term/7326476646.html
105,Personal Care Attendant (PCA) Skills Trainer,BOSTON,May 24,https://boston.craigslist.org/gbs/npo/d/boston-personal-care-attendant-pca/7326476013.html
106,Research Associate,Boston,May 24,https://boston.craigslist.org/gbs/npo/d/cambridge-research-associate/7326282249.html
107,We Choose to Protect our üå∏WILDLIFE üåäSummer Jobs! Avg of $14-20/hr,Cambridge,May 24,https://boston.craigslist.org/gbs/npo/d/cambridge-we-choose-to-protect-our/7326266749.html
108,üå∏ Protect our Wildlife this summer üåä Summer Jobs! Avg $14-20/hr,Downtown Crossing,May 24,https://boston.craigslist.org/gbs/npo/d/boston-protect-our-wildlife-this-summer/7326265732.html
109,Teacher Assistant -  SPED School,Concord,May 24,https://boston.craigslist.org/gbs/npo/d/concord-teacher-assistant-sped-school/7326199712.html
110,üòÑSummer Jobs! Be Politically Active this summer! üòé Avg $14-20/hr,Cambridge,May 23,https://boston.craigslist.org/gbs/npo/d/cambridge-summer-jobs-be-politically/7326067820.html
111,Save the Bees! üêù üåπ Summer Campaign Jobs- Avg of $14-20/hr üåπ üêù,Downtown Crossing,May 23,https://boston.craigslist.org/gbs/npo/d/boston-save-the-bees-summer-campaign/7326066475.html
112,üòÑSummer Jobs! Be Politically Active this summer! üòé Avg $14-20/hr,Downtown Crossing,May 22,https://boston.craigslist.org/gbs/npo/d/boston-summer-jobs-be-politically/7325460695.html
113,Direct Support Professional,Medford,May 21,https://boston.craigslist.org/gbs/npo/d/medford-direct-support-professional/7325115486.html
114,"Retention Bonus Housing Placement Specialist, MON-FRI, 7AM-3:30PM,",N/A,May 21,https://boston.craigslist.org/bmw/npo/d/boston-retention-bonus-housing/7325078480.html
115,Out-of-School-Time Program Coordinator  (Bilingual Spanish/English),East Boston,May 21,https://boston.craigslist.org/gbs/npo/d/boston-out-of-school-time-program/7325049790.html
116,"Summer Jobs to Save Bees üå∫ NO BEES, NO FOOD üêù Avg $15-$20/hr",Downtown Crossing,May 21,https://boston.craigslist.org/gbs/npo/d/boston-summer-jobs-to-save-bees-no-bees/7325013294.html
117,Faith- Based Social Justice Fellowship,Boston,May 21,https://boston.craigslist.org/gbs/npo/d/dorchester-center-faith-based-social/7324911828.html
118,Bilingual Healthy Families Supervisor,Jamaica Plain,May 21,https://boston.craigslist.org/gbs/npo/d/jamaica-plain-bilingual-healthy/7324904298.html
119,Seeking Youth Services Group Care Workers,Plymouth,May 21,https://boston.craigslist.org/sob/npo/d/plymouth-seeking-youth-services-group/7324867114.html
120,Grant Writer (part-time contractor),N/A,May 21,https://boston.craigslist.org/nos/npo/d/amesbury-grant-writer-part-time/7324850130.html
121,Direct Care Positions,Canton,May 20,https://boston.craigslist.org/gbs/npo/d/canton-direct-care-positions/7324571363.html
122,"Summer Jobs to Save Bees üå∫ NO BEES, NO FOOD üêù Avg $14-$20/hr",Cambridge,May 20,https://boston.craigslist.org/gbs/npo/d/cambridge-summer-jobs-to-save-bees-no/7324553601.html
123,Operations Associate,"LabCentral, Cambridge",May 20,https://boston.craigslist.org/gbs/npo/d/cambridge-operations-associate/7324495295.html
124,Teen Parenting Program Family Advocate- Melrose,"Melrose, MA",May 20,https://boston.craigslist.org/nos/npo/d/melrose-teen-parenting-program-family/7324475547.html
125,Teen Parenting Program Family Advocate- Melrose,"Melrose, MA",May 20,https://boston.craigslist.org/gbs/npo/d/melrose-teen-parenting-program-family/7324474084.html
126,Teen Parenting Program Family Advocate- Chelsea,"Chelsea, MA",May 20,https://boston.craigslist.org/gbs/npo/d/chelsea-teen-parenting-program-family/7324469112.html
127,Youth Counselor Group Home-Lynn,"Lynn, MA",May 20,https://boston.craigslist.org/nos/npo/d/lynn-youth-counselor-group-home-lynn/7324460665.html
128,Youth Counselor Group Home-Lynn,"Lynn, MA",May 20,https://boston.craigslist.org/gbs/npo/d/lynn-youth-counselor-group-home-lynn/7324455549.html
129,Direct Care Worker (Day Program) - $1000 SIGN-ON BONUS,Waltham,May 20,https://boston.craigslist.org/gbs/npo/d/waltham-direct-care-worker-day-program/7324394068.html
130,Direct Care Worker (Day Program) - $1000 SIGN-ON BONUS,Canton,May 20,https://boston.craigslist.org/gbs/npo/d/canton-direct-care-worker-day-program/7324390265.html
131,Resident Services Coordinator/Administrative Assistant - Multi-Site,"Waltham, Watertown, and Belmont",May 19,https://boston.craigslist.org/gbs/npo/d/waltham-resident-services-coordinator/7324101904.html
132,Clinical Care Manager - LICSW - HCI - BH Team 1,Boston,May 19,https://boston.craigslist.org/gbs/npo/d/boston-clinical-care-manager-licsw-hci/7323950754.html
133,Inbound Helpline Counselor for National Nonprofit,Gloucester,May 19,https://boston.craigslist.org/nos/npo/d/gloucester-inbound-helpline-counselor/7323876871.html
134,Direct Support Professional (DSP) - Flexible Part-Time,Randolph,May 18,https://boston.craigslist.org/sob/npo/d/randolph-direct-support-professional/7323576691.html
135,Engagement Partner I - ACCS - Norfolk St,Boston,May 18,https://boston.craigslist.org/gbs/npo/d/boston-engagement-partner-accs-norfolk/7323446572.html
136,Program Manager - Full Time,Medford,May 18,https://boston.craigslist.org/gbs/npo/d/medford-program-manager-full-time/7323363510.html
137,ACCS Clinical Team 3,Boston,May 18,https://boston.craigslist.org/gbs/npo/d/boston-accs-clinical-team/7323335504.html
138,Case Aide - Andrew House Stoughton,Stoughton,May 18,https://boston.craigslist.org/gbs/npo/d/stoughton-case-aide-andrew-house/7323334675.html
139,ACCS Clinical Team 2,Boston,May 18,https://boston.craigslist.org/gbs/npo/d/boston-accs-clinical-team/7323333731.html
140,Case Manager - Addiction Services - Andrew House Boston,Boston,May 18,https://boston.craigslist.org/gbs/npo/d/boston-case-manager-addiction-services/7323332901.html
141,Teacher Assistant -  SPED School,Concord,May 18,https://boston.craigslist.org/bmw/npo/d/hanscom-afb-teacher-assistant-sped/7323313380.html
